-- MySQL dump 10.13  Distrib 8.0.34, for Win64 (x86_64)
--
-- Host: localhost    Database: botanical_garden
-- ------------------------------------------------------
-- Server version	8.0.35

/*!40101 SET @OLD_CHARACTER_SET_CLIENT=@@CHARACTER_SET_CLIENT */;
/*!40101 SET @OLD_CHARACTER_SET_RESULTS=@@CHARACTER_SET_RESULTS */;
/*!40101 SET @OLD_COLLATION_CONNECTION=@@COLLATION_CONNECTION */;
/*!50503 SET NAMES utf8 */;
/*!40103 SET @OLD_TIME_ZONE=@@TIME_ZONE */;
/*!40103 SET TIME_ZONE='+00:00' */;
/*!40014 SET @OLD_UNIQUE_CHECKS=@@UNIQUE_CHECKS, UNIQUE_CHECKS=0 */;
/*!40014 SET @OLD_FOREIGN_KEY_CHECKS=@@FOREIGN_KEY_CHECKS, FOREIGN_KEY_CHECKS=0 */;
/*!40101 SET @OLD_SQL_MODE=@@SQL_MODE, SQL_MODE='NO_AUTO_VALUE_ON_ZERO' */;
/*!40111 SET @OLD_SQL_NOTES=@@SQL_NOTES, SQL_NOTES=0 */;

--
-- Table structure for table `відвідування`
--

DROP TABLE IF EXISTS `відвідування`;
/*!40101 SET @saved_cs_client     = @@character_set_client */;
/*!50503 SET character_set_client = utf8mb4 */;
CREATE TABLE `відвідування` (
  `id_відвідування` int NOT NULL AUTO_INCREMENT,
  `id_місця` int DEFAULT NULL,
  `к_сть_відвідувачів` int DEFAULT NULL,
  `день_відвідувань` date DEFAULT NULL,
  PRIMARY KEY (`id_відвідування`),
  KEY `id_місця` (`id_місця`),
  CONSTRAINT `відвідування_ibfk_1` FOREIGN KEY (`id_місця`) REFERENCES `місця` (`id_місця`)
) ENGINE=InnoDB AUTO_INCREMENT=188 DEFAULT CHARSET=utf8mb4 COLLATE=utf8mb4_0900_ai_ci;
/*!40101 SET character_set_client = @saved_cs_client */;

--
-- Dumping data for table `відвідування`
--

LOCK TABLES `відвідування` WRITE;
/*!40000 ALTER TABLE `відвідування` DISABLE KEYS */;
INSERT INTO `відвідування` VALUES (1,1,50,'2022-01-01'),(2,2,30,'2022-01-02'),(3,3,80,'2022-01-03'),(4,4,40,'2022-01-04'),(5,5,60,'2022-01-05'),(6,6,25,'2022-01-06'),(7,7,45,'2022-01-07'),(8,8,70,'2022-01-08'),(9,9,55,'2022-01-09'),(10,10,90,'2022-01-10'),(11,11,35,'2022-01-11'),(12,12,65,'2022-01-12'),(13,1,55,'2022-01-13'),(14,2,80,'2022-01-14'),(15,3,40,'2022-01-15'),(16,4,60,'2022-01-16'),(17,5,75,'2022-01-17'),(18,6,40,'2022-01-18'),(19,7,85,'2022-01-19'),(20,8,30,'2022-01-20'),(21,9,50,'2022-01-21'),(22,10,65,'2022-01-22'),(23,11,75,'2022-01-23'),(24,12,55,'2022-01-24'),(25,1,80,'2022-01-25'),(26,2,45,'2022-01-26'),(27,3,70,'2022-01-27'),(28,4,35,'2022-01-28'),(29,5,90,'2022-01-29'),(30,6,50,'2022-01-30'),(31,7,65,'2022-01-31'),(32,8,40,'2023-02-01'),(33,9,75,'2022-02-02'),(34,10,55,'2022-02-03'),(35,11,80,'2022-02-04'),(36,12,90,'2022-02-05'),(37,1,55,'2022-02-06'),(38,2,30,'2022-02-07'),(39,3,75,'2022-02-08'),(40,4,40,'2022-02-09'),(41,5,65,'2022-02-10'),(42,6,50,'2022-02-11'),(43,7,80,'2022-02-12'),(44,8,45,'2022-02-13'),(45,9,60,'2022-02-14'),(46,10,35,'2022-02-15'),(47,11,70,'2022-02-16'),(48,12,25,'2022-02-17'),(49,1,85,'2022-02-18'),(50,2,55,'2022-02-19'),(51,3,70,'2022-02-20'),(52,4,40,'2022-02-21'),(53,5,60,'2022-02-22'),(54,6,75,'2022-02-23'),(55,7,50,'2022-02-24'),(56,8,90,'2022-02-25'),(57,9,35,'2022-02-26'),(58,10,80,'2022-02-27'),(59,11,65,'2022-02-28'),(60,12,40,'2022-03-01'),(61,1,75,'2022-03-02'),(62,2,50,'2022-03-03'),(63,3,55,'2022-03-04'),(64,4,80,'2022-03-05'),(65,5,45,'2022-03-06'),(66,6,70,'2022-03-07'),(67,7,35,'2022-03-08'),(68,8,60,'2022-03-09'),(69,9,90,'2022-03-10'),(70,10,25,'2022-03-11'),(71,11,65,'2022-03-12'),(72,12,50,'2022-03-13'),(73,1,40,'2022-03-14'),(74,2,75,'2022-03-15'),(75,1,50,'2023-01-01'),(76,2,30,'2023-01-02'),(77,3,80,'2023-01-03'),(78,4,40,'2023-01-04'),(79,5,60,'2023-01-05'),(80,6,25,'2023-01-06'),(81,7,45,'2023-01-07'),(82,8,70,'2023-01-08'),(83,9,55,'2023-01-09'),(84,10,90,'2023-01-10'),(85,11,35,'2023-01-11'),(86,12,65,'2023-01-12'),(87,1,55,'2023-01-13'),(88,2,80,'2023-01-14'),(89,3,40,'2023-01-15'),(90,4,60,'2023-01-16'),(91,5,75,'2023-01-17'),(92,6,40,'2023-01-18'),(93,7,85,'2023-01-19'),(94,8,30,'2023-01-20'),(95,9,50,'2023-01-21'),(96,10,65,'2023-01-22'),(97,11,75,'2023-01-23'),(98,12,55,'2023-01-24'),(99,1,80,'2023-01-25'),(100,2,45,'2023-01-26'),(101,3,70,'2023-01-27'),(102,4,35,'2023-01-28'),(103,5,90,'2023-01-29'),(104,6,50,'2023-01-30'),(105,7,65,'2023-01-31'),(106,8,40,'2023-02-01'),(107,9,75,'2023-02-02'),(108,10,55,'2023-02-03'),(109,11,80,'2023-02-04'),(110,12,90,'2023-02-05'),(111,1,55,'2023-02-06'),(112,2,30,'2023-02-07'),(113,3,75,'2023-02-08'),(114,4,40,'2023-02-09'),(115,5,65,'2023-02-10'),(116,6,50,'2023-02-11'),(117,7,80,'2023-02-12'),(118,8,45,'2023-02-13'),(119,9,60,'2023-02-14'),(120,10,35,'2023-02-15'),(121,11,70,'2023-02-16'),(122,12,25,'2023-02-17'),(123,1,85,'2023-02-18'),(124,2,55,'2023-02-19'),(125,3,70,'2023-02-20'),(126,4,40,'2023-02-21'),(127,5,60,'2023-02-22'),(128,6,75,'2023-02-23'),(129,7,50,'2023-02-24'),(130,8,90,'2023-02-25'),(131,9,35,'2023-02-26'),(132,10,80,'2023-02-27'),(133,11,65,'2023-02-28'),(134,12,40,'2023-03-01'),(135,1,75,'2023-03-02'),(136,2,50,'2023-03-03'),(137,3,55,'2023-03-04'),(138,4,80,'2023-03-05'),(139,5,45,'2023-03-06'),(140,6,70,'2023-03-07'),(141,7,35,'2023-03-08'),(142,8,60,'2023-03-09'),(143,9,90,'2023-03-10'),(144,10,25,'2023-03-11'),(145,11,65,'2023-03-12'),(146,12,50,'2023-03-13'),(147,1,40,'2023-03-14'),(148,2,75,'2023-03-15'),(149,3,50,'2023-03-16'),(150,4,85,'2023-03-17'),(151,5,40,'2023-03-18'),(152,6,65,'2023-03-19'),(153,7,30,'2023-03-20'),(154,8,60,'2023-03-21'),(155,9,75,'2023-03-22'),(156,10,45,'2023-03-23'),(157,11,70,'2023-03-24'),(158,12,55,'2023-03-25'),(159,1,80,'2023-03-26'),(160,2,35,'2023-03-27'),(161,3,90,'2023-03-28'),(162,4,25,'2023-03-29'),(163,5,50,'2023-03-30'),(164,6,75,'2023-03-31'),(165,7,40,'2023-04-01'),(166,8,65,'2023-04-02'),(167,9,80,'2023-04-03'),(168,10,55,'2023-04-04'),(169,11,30,'2023-04-05'),(170,12,70,'2023-04-06'),(171,1,35,'2023-04-07'),(172,2,60,'2023-04-08'),(173,3,90,'2023-04-09'),(174,4,45,'2023-04-10'),(175,5,70,'2023-04-11'),(176,6,25,'2023-04-12'),(177,7,50,'2023-04-13'),(178,8,75,'2023-04-14'),(179,9,40,'2023-04-15'),(180,10,65,'2023-04-16'),(181,11,80,'2023-04-17'),(182,12,55,'2023-04-18'),(183,1,30,'2023-04-19'),(184,2,60,'2023-04-20'),(185,3,85,'2023-04-21'),(186,4,50,'2023-04-22'),(187,5,75,'2023-04-23');
/*!40000 ALTER TABLE `відвідування` ENABLE KEYS */;
UNLOCK TABLES;

--
-- Table structure for table `догляд`
--

DROP TABLE IF EXISTS `догляд`;
/*!40101 SET @saved_cs_client     = @@character_set_client */;
/*!50503 SET character_set_client = utf8mb4 */;
CREATE TABLE `догляд` (
  `id_догляду` int NOT NULL AUTO_INCREMENT,
  `id_рослини` int DEFAULT NULL,
  `полив` varchar(50) DEFAULT NULL,
  `освітлення` varchar(50) DEFAULT NULL,
  `добриво` varchar(50) DEFAULT NULL,
  `підживлення` varchar(50) DEFAULT NULL,
  PRIMARY KEY (`id_догляду`),
  KEY `id_рослини` (`id_рослини`),
  CONSTRAINT `догляд_ibfk_1` FOREIGN KEY (`id_рослини`) REFERENCES `рослини` (`id_рослини`)
) ENGINE=InnoDB AUTO_INCREMENT=31 DEFAULT CHARSET=utf8mb4 COLLATE=utf8mb4_0900_ai_ci;
/*!40101 SET character_set_client = @saved_cs_client */;

--
-- Dumping data for table `догляд`
--

LOCK TABLES `догляд` WRITE;
/*!40000 ALTER TABLE `догляд` DISABLE KEYS */;
INSERT INTO `догляд` VALUES (1,1,'Регулярний','Світле місце','Мінеральне','Комплексне'),(2,2,'Помірно','Розсіяне світло','Органічне','Стандартне'),(3,3,'Рідко','Тінь','Мінеральне','Комплексне'),(4,4,'Регулярний','Яскраве світло','Органічне','Збільшений азот'),(5,5,'Помірно','Світле місце','Мінеральне','Стандартне'),(6,6,'Регулярний','Розсіяне світло','Органічне','Збільшений фосфор'),(7,7,'Рідко','Тінь','Мінеральне','Стандартне'),(8,8,'Регулярний','Світле місце','Мінеральне','Комплексне'),(9,9,'Помірно','Розсіяне світло','Органічне','Стандартне'),(10,10,'Регулярний','Світле місце','Мінеральне','Збільшений калій'),(11,11,'Регулярний','Світле місце','Мінеральне','Збільшений азот'),(12,12,'Помірно','Розсіяне світло','Органічне','Стандартне'),(13,13,'Рідко','Тінь','Мінеральне','Збільшений фосфор'),(14,14,'Регулярний','Яскраве світло','Органічне','Збільшений калій'),(15,15,'Помірно','Світле місце','Мінеральне','Стандартне'),(16,16,'Регулярний','Світле місце','Органічне','Комплексне'),(17,17,'Рідко','Тінь','Мінеральне','Збільшений азот'),(18,18,'Регулярний','Розсіяне світло','Органічне','Стандартне'),(19,19,'Помірно','Світле місце','Мінеральне','Збільшений фосфор'),(20,20,'Регулярний','Світле місце','Органічне','Комплексне'),(21,21,'Рідко','Тінь','Органічне','Стандартне'),(22,22,'Регулярний','Світле місце','Мінеральне','Комплексне'),(23,23,'Помірно','Розсіяне світло','Органічне','Збільшений азот'),(24,24,'Рідко','Яскраве світло','Мінеральне','Стандартне'),(25,25,'Регулярний','Світле місце','Мінеральне','Збільшений фосфор'),(26,26,'Помірно','Розсіяне світло','Органічне','Збільшений калій'),(27,27,'Рідко','Тінь','Мінеральне','Комплексне'),(28,28,'Регулярний','Світле місце','Органічне','Збільшений азот'),(29,29,'Помірно','Розсіяне світло','Мінеральне','Стандартне'),(30,30,'Рідко','Яскраве світло','Органічне','Збільшений фосфор');
/*!40000 ALTER TABLE `догляд` ENABLE KEYS */;
UNLOCK TABLES;

--
-- Table structure for table `місця`
--

DROP TABLE IF EXISTS `місця`;
/*!40101 SET @saved_cs_client     = @@character_set_client */;
/*!50503 SET character_set_client = utf8mb4 */;
CREATE TABLE `місця` (
  `id_місця` int NOT NULL AUTO_INCREMENT,
  `назва` varchar(50) DEFAULT NULL,
  `опис` text,
  `розташування` varchar(50) DEFAULT NULL,
  PRIMARY KEY (`id_місця`)
) ENGINE=InnoDB AUTO_INCREMENT=14 DEFAULT CHARSET=utf8mb4 COLLATE=utf8mb4_0900_ai_ci;
/*!40101 SET character_set_client = @saved_cs_client */;

--
-- Dumping data for table `місця`
--

LOCK TABLES `місця` WRITE;
/*!40000 ALTER TABLE `місця` DISABLE KEYS */;
INSERT INTO `місця` VALUES (1,'Клімат саванни','Засушливий регіон з малою вологістю повітря.','3 поверх у 2 секторі'),(2,'Темний ліс','Вологий регіон з роздрібчастим повітрям','1 поверх у 2 секторі'),(3,'Альпійська долина','Район гірських рослин і водоспадів.','2 поверх у 1 секторі'),(4,'Лісова чагарникова зона','Місце, де зустрічаються ліс та чагарники.','1 поверх у 3 секторі'),(5,'Східний ботанічний сквер','Сад із східними рослинами та камінням.','1 поверх у 1 секторі'),(6,'Рослинний майданчик','Відкритий простір для різноманітних рослин (рівнини).','5 поверх у 1*(0) секторі'),(7,'Пустеля каміння','Суха пустеля з камінням та красивими каньйонами(переважно сухостійні рослини).','3 поверх у 1 секторі'),(8,'Гідропонічний парк','Місце для вирощування рослин без грунту.','2 поверх у 2 секторі'),(9,'Екзотичний арборетум','Сад з різноманітністю екзотичних рослин.','4 поверх у 2 секторі'),(10,'Тераси флори','Область із терасами, де ростуть різні рослини(переважно змішаний клімат і самі рослини пологі).','4 поверх у 1 секторі'),(11,'Бамбуковий ліс','Бамбуковий ліс із різноманітними рослинами(переважно евкаліптовими).','4 поверх у 4 секторі'),(12,'Тропічний риф','Акваріумна зона з тропічними рослинами та водоростями.','2 поверх у 4 секторі'),(13,'Вертикальний сад','Горизонтальне просторове використання для росту різних видів рослин.','4 поверх у 3 секторі');
/*!40000 ALTER TABLE `місця` ENABLE KEYS */;
UNLOCK TABLES;

--
-- Table structure for table `насіння`
--

DROP TABLE IF EXISTS `насіння`;
/*!40101 SET @saved_cs_client     = @@character_set_client */;
/*!50503 SET character_set_client = utf8mb4 */;
CREATE TABLE `насіння` (
  `id_насіння` int NOT NULL AUTO_INCREMENT,
  `id_рослини` int DEFAULT NULL,
  `дата_збору` date DEFAULT NULL,
  `кількість_насіння` int DEFAULT NULL,
  PRIMARY KEY (`id_насіння`),
  KEY `id_рослини` (`id_рослини`),
  CONSTRAINT `насіння_ibfk_1` FOREIGN KEY (`id_рослини`) REFERENCES `рослини` (`id_рослини`)
) ENGINE=InnoDB AUTO_INCREMENT=150 DEFAULT CHARSET=utf8mb4 COLLATE=utf8mb4_0900_ai_ci;
/*!40101 SET character_set_client = @saved_cs_client */;

--
-- Dumping data for table `насіння`
--

LOCK TABLES `насіння` WRITE;
/*!40000 ALTER TABLE `насіння` DISABLE KEYS */;
INSERT INTO `насіння` VALUES (1,1,'2023-01-15',10),(2,2,'2023-02-20',15),(3,3,'2023-03-10',20),(4,4,'2023-04-05',12),(5,5,'2023-05-12',8),(6,6,'2023-06-18',25),(7,7,'2023-07-25',18),(8,8,'2023-08-30',14),(9,9,'2023-09-14',22),(10,10,'2023-10-20',16),(11,2,'2023-11-25',30),(12,3,'2023-12-10',24),(13,4,'2024-01-05',19),(14,5,'2024-02-20',28),(15,6,'2024-03-15',13),(16,7,'2024-04-10',17),(17,8,'2024-05-18',21),(18,9,'2024-06-22',26),(19,10,'2024-07-30',23),(20,1,'2024-08-25',11),(21,2,'2024-09-20',27),(22,3,'2024-10-15',14),(23,4,'2024-11-10',19),(24,5,'2025-01-02',32),(25,6,'2025-02-15',15),(26,7,'2025-03-10',20),(27,8,'2025-04-05',16),(28,9,'2025-05-20',25),(29,10,'2025-06-25',18),(30,11,'2025-07-01',28),(31,12,'2025-07-02',34),(32,13,'2025-07-03',22),(33,14,'2025-07-04',17),(34,15,'2025-07-05',29),(35,11,'2025-07-06',21),(36,12,'2025-07-07',26),(37,13,'2025-07-08',18),(38,14,'2025-07-09',33),(39,15,'2025-07-10',27),(40,11,'2025-07-11',19),(41,12,'2025-07-12',31),(42,13,'2025-07-13',25),(43,14,'2025-07-14',23),(44,15,'2025-07-15',16),(45,11,'2025-07-16',30),(46,12,'2025-07-17',20),(47,13,'2025-07-18',24),(48,14,'2025-07-19',32),(49,15,'2025-07-20',15),(50,11,'2025-07-21',22),(51,12,'2025-07-22',29),(52,13,'2025-07-23',18),(53,14,'2025-07-24',27),(54,15,'2025-07-25',31),(55,11,'2025-07-26',26),(56,12,'2025-07-27',21),(57,13,'2025-07-28',33),(58,14,'2025-07-29',24),(59,15,'2025-07-30',19),(60,16,'2025-08-01',25),(61,17,'2025-08-02',29),(62,18,'2025-08-03',18),(63,19,'2025-08-04',23),(64,20,'2025-08-05',27),(65,16,'2025-08-06',22),(66,17,'2025-08-07',30),(67,18,'2025-08-08',19),(68,19,'2025-08-09',26),(69,20,'2025-08-10',28),(70,16,'2025-08-11',21),(71,17,'2025-08-12',24),(72,18,'2025-08-13',31),(73,19,'2025-08-14',20),(74,20,'2025-08-15',33),(75,16,'2025-08-16',27),(76,17,'2025-08-17',18),(77,18,'2025-08-18',25),(78,19,'2025-08-19',29),(79,20,'2025-08-20',22),(80,16,'2025-08-21',32),(81,17,'2025-08-22',23),(82,18,'2025-08-23',19),(83,19,'2025-08-24',30),(84,20,'2025-08-25',26),(85,16,'2025-08-26',28),(86,17,'2025-08-27',33),(87,18,'2025-08-28',24),(88,19,'2025-08-29',21),(89,20,'2025-08-30',20),(90,21,'2025-09-01',25),(91,22,'2025-09-02',29),(92,23,'2025-09-03',18),(93,24,'2025-09-04',23),(94,25,'2025-09-05',27),(95,21,'2025-09-06',22),(96,22,'2025-09-07',30),(97,23,'2025-09-08',19),(98,24,'2025-09-09',26),(99,25,'2025-09-10',28),(100,21,'2025-09-11',21),(101,22,'2025-09-12',24),(102,23,'2025-09-13',31),(103,24,'2025-09-14',20),(104,25,'2025-09-15',33),(105,21,'2025-09-16',27),(106,22,'2025-09-17',18),(107,23,'2025-09-18',25),(108,24,'2025-09-19',29),(109,25,'2025-09-20',22),(110,21,'2025-09-21',32),(111,22,'2025-09-22',23),(112,23,'2025-09-23',19),(113,24,'2025-09-24',30),(114,25,'2025-09-25',26),(115,21,'2025-09-26',28),(116,22,'2025-09-27',33),(117,23,'2025-09-28',24),(118,24,'2025-09-29',21),(119,25,'2025-09-30',20),(120,26,'2025-10-01',25),(121,27,'2025-10-02',29),(122,28,'2025-10-03',18),(123,29,'2025-10-04',23),(124,30,'2025-10-05',27),(125,26,'2025-10-06',22),(126,27,'2025-10-07',30),(127,28,'2025-10-08',19),(128,29,'2025-10-09',26),(129,30,'2025-10-10',28),(130,26,'2025-10-11',21),(131,27,'2025-10-12',24),(132,28,'2025-10-13',31),(133,29,'2025-10-14',20),(134,30,'2025-10-15',33),(135,26,'2025-10-16',27),(136,27,'2025-10-17',18),(137,28,'2025-10-18',25),(138,29,'2025-10-19',29),(139,30,'2025-10-20',22),(140,26,'2025-10-21',32),(141,27,'2025-10-22',23),(142,28,'2025-10-23',19),(143,29,'2025-10-24',30),(144,30,'2025-10-25',26),(145,26,'2025-10-26',28),(146,27,'2025-10-27',33),(147,28,'2025-10-28',24),(148,29,'2025-10-29',21),(149,30,'2025-10-30',20);
/*!40000 ALTER TABLE `насіння` ENABLE KEYS */;
UNLOCK TABLES;

--
-- Table structure for table `постачальники_рослин`
--

DROP TABLE IF EXISTS `постачальники_рослин`;
/*!40101 SET @saved_cs_client     = @@character_set_client */;
/*!50503 SET character_set_client = utf8mb4 */;
CREATE TABLE `постачальники_рослин` (
  `id_постачальника` int NOT NULL AUTO_INCREMENT,
  `назва` varchar(50) DEFAULT NULL,
  `контактна_інформація` varchar(50) DEFAULT NULL,
  `опис` text,
  PRIMARY KEY (`id_постачальника`)
) ENGINE=InnoDB AUTO_INCREMENT=53 DEFAULT CHARSET=utf8mb4 COLLATE=utf8mb4_0900_ai_ci;
/*!40101 SET character_set_client = @saved_cs_client */;

--
-- Dumping data for table `постачальники_рослин`
--

LOCK TABLES `постачальники_рослин` WRITE;
/*!40000 ALTER TABLE `постачальники_рослин` DISABLE KEYS */;
INSERT INTO `постачальники_рослин` VALUES (1,'Екзотичні Рослини','Телефон: +123456789','Екзотичні рослини для дому та офісу.'),(2,'Гармонія Природи','Телефон: +987654321','Рослини для гармонії в вашому просторі.'),(3,'Зелений Рай','Телефон: +1122334455','Найкращі рослини для вашого раю.'),(4,'Тропічні Екзотики','Телефон: +9988776655','Тропічні рослини для атмосфери величі.'),(5,'Енергія Природи','Телефон: +1122334455','Рослинна енергія для вашого дому.'),(6,'Флористичний Світ','Телефон: +9988776655','Магія рослин у кожному куточку.'),(7,'Ботанічний Рай','Телефон: +1122334455','Елітні рослини для вашого райського саду.'),(8,'Ексклюзивні Рослини','Телефон: +9988776655','Ексклюзивні рослини для вишуканих смаків.'),(9,'Здорові Зелені','Телефон: +1122334455','Рослини для здорового способу життя.'),(10,'Індустрія Грунту','Телефон: +9988776655','Рослини для справжніх любителів грунту.'),(11,'Ботанічний Рай','Телефон: +123456789','Елітні рослини для вашого райського саду.'),(12,'Різнобарвні Рослини','Телефон: +987654321','Найкращі рослини у всіх кольорах весни.'),(13,'Зелений Вогонь','Телефон: +1122334455','Рослини, що зігрівають ваш простір.'),(14,'Тривалі Рослини','Телефон: +9988776655','Рослини, які радують своєю тривалістю.'),(15,'Розкішні Екзотики','Телефон: +1122334455','Розкішні та екзотичні рослини для вашого дому.'),(16,'Флористичний Вишуканість','Телефон: +9988776655','Елегантність у кожному квітучому дизайні.'),(17,'Садова Гармонія','Телефон: +1122334455','Рослини, що створюють гармонію у вашому саду.'),(18,'Ботанічний Калейдоскоп','Телефон: +9988776655','Рослини у всіх кольорах та відтінках.'),(19,'Сонячні Зелені','Телефон: +1122334455','Рослини, що приносять сонце у ваш простір.'),(20,'Рослинна Академія','Телефон: +9988776655','Навчайтесь про рослини разом з нами.'),(21,'Рослинна Гармонія','Телефон: +123456789','Рослини, що допомагають створити гармонію у вашому середовищі.'),(22,'Тропічні Оазиси','Телефон: +987654321','Рослини, які перенесуть вас на тропічний острів в вашому домі.'),(23,'Зелена Краса','Телефон: +1122334455','Рослини, що додають краси та свіжості кожному простору.'),(24,'Флористична Імпресія','Телефон: +9988776655','Рослини, які залишають невимовне враження своєю красою.'),(25,'Екзотична Різноманітність','Телефон: +1122334455','Рослини з усього світу для різноманітності в вашому саду.'),(26,'Колоритна Флора','Телефон: +9988776655','Рослини у всіх кольорах для колоритного життя.'),(27,'Гарденія Розкіші','Телефон: +1122334455 ','Розкішні гарденії для особливих моментів.'),(28,'Ботанічний Витонченість','Телефон: +9988776655','Рослини з витонченою красою для вашого інтерьєру.'),(29,'Природний Експрес','Телефон: +1122334455, ','Рослини простої природності для вашого дому.'),(30,'Рослинний Закарпаття','Телефон: +9988776655','Рослини, які привозять дусі Карпат у ваш сад.'),(31,'Екзотичні рослини','+380987654321','Постачальник екзотичних рослин з усього світу.'),(32,'Зелений рай','+380989876123','Інноваційний постачальник рослин для зелених просторів.'),(33,'Ботанічна краса','+380987123456','Спеціалізується на розкішних і різноманітних рослинах для створення естетичних садів.'),(34,'Exotic Botanic','+380987654321','Постачальник екзотичних рослин і рідкісних видів для фахівців та колекціонерів.'),(35,'Botanical Beauty','+380987123456','Спеціалізується на розкішних і різноманітних рослинах для створення естетичних садів.'),(36,'Global Bioscape','+380989876543','Лідер у світовій поставці екологічно вирощених рослин для зелених просторів.'),(37,'Exclusive Aromas','+380989876123','Постачальник унікальних ароматичних рослин для створення атмосфери вишуканості.'),(38,'Tropical Eden','+380987654987','Надає різноманіття тропічних рослин і пальм для вашого саду.'),(39,'Floristic Refinement','+380987123987','Спеціалізується на ефектних рослинах для творчих композицій і флористики.'),(40,'Aromatic World','+380989874563','Пропонує різноманітні ароматичні рослини для вашого оселі та душі.'),(41,'Green Aesthetics','+380987654456','Надає естетичні та ексклюзивні рослини для газонів і парків.'),(42,'Biodiversity','+380989876789','Забезпечує різноманіття рослин для підтримки біорізноманіття та екосистем.'),(43,'Green Horizon','+380987654111','Надає рослини, що забезпечують зелений горизонт для вашого саду.'),(44,'Dota 2','+380987123222','Спеціалізується на елегантних рослинах для створення вишуканого саду.'),(45,'Botanic Wonders','+380989876333','Доставляє дивовижні рослини, що вражають своєю красою та різноманіттям.'),(46,'Natures Palette','+380989876444','Створюємо палітру природи з різноманіттям кольорів та форм рослин.'),(47,'Rainforest Treasures','+380987654555','Постачальник рідкісних скарбів з дощового лісу та тропіків.'),(48,'Harmony Gardens','+380987123666','Надає рослини для створення гармонійного саду з різноманіттям видів.'),(49,'Blooming Marvels','+380989876777','Постачальник розквітаючих див та чудесних рослин.'),(50,'Green Oasis','+380987654888','Створює оазіс зелені з рослинами, що допомагають релаксувати.'),(51,'Floral Radiance','+380987123999','Спеціалізується на рослинах, що випромінюють яскравість та енергію.'),(52,'Blossom Haven','+380989876000','Постачає рослини, які перетворюють сад в квітучий раю.');
/*!40000 ALTER TABLE `постачальники_рослин` ENABLE KEYS */;
UNLOCK TABLES;

--
-- Table structure for table `постачальники_інвентарю`
--

DROP TABLE IF EXISTS `постачальники_інвентарю`;
/*!40101 SET @saved_cs_client     = @@character_set_client */;
/*!50503 SET character_set_client = utf8mb4 */;
CREATE TABLE `постачальники_інвентарю` (
  `id_постачальника` int NOT NULL AUTO_INCREMENT,
  `назва` varchar(50) DEFAULT NULL,
  `контактна_інформація` varchar(50) DEFAULT NULL,
  `опис` text,
  PRIMARY KEY (`id_постачальника`)
) ENGINE=InnoDB AUTO_INCREMENT=10 DEFAULT CHARSET=utf8mb4 COLLATE=utf8mb4_0900_ai_ci;
/*!40101 SET character_set_client = @saved_cs_client */;

--
-- Dumping data for table `постачальники_інвентарю`
--

LOCK TABLES `постачальники_інвентарю` WRITE;
/*!40000 ALTER TABLE `постачальники_інвентарю` DISABLE KEYS */;
INSERT INTO `постачальники_інвентарю` VALUES (1,'ГрінСад','+1234567890','Постачальник рослин та садового інвентарю'),(2,'Екзотичні рослини','+9876543210','Спеціалізується на екзотичних рослинах'),(3,'ДекорГрад','+1122334455','Пропонує меблі та предмети декору для саду'),(4,'СпортСад','+9988776655','Постачальник  інвентарю та одягу для садівників'),(5,'GreenGarden Supply','+1234567890','Постачальник садового інвентарю та техніки'),(6,'EcoHarvest Tools','+1987654321','Екологічні інструменти для вашого саду'),(7,'FloralCraft Supplies','+9876543210','Постачальник квіткового інвентарю та аксесуарів'),(8,'GardenTech Solutions','+1357924680','Сучасні рішення для вашого ботанічного саду'),(9,'NatureCraze Equipment','+2468013579','Постачальник приладдя для створення природних умов у саду');
/*!40000 ALTER TABLE `постачальники_інвентарю` ENABLE KEYS */;
UNLOCK TABLES;

--
-- Table structure for table `прикріплення_співробітники_рослини`
--

DROP TABLE IF EXISTS `прикріплення_співробітники_рослини`;
/*!40101 SET @saved_cs_client     = @@character_set_client */;
/*!50503 SET character_set_client = utf8mb4 */;
CREATE TABLE `прикріплення_співробітники_рослини` (
  `id` int NOT NULL AUTO_INCREMENT,
  `id_співробітника` int DEFAULT NULL,
  `id_рослини` int DEFAULT NULL,
  PRIMARY KEY (`id`),
  KEY `id_співробітника` (`id_співробітника`),
  KEY `id_рослини` (`id_рослини`),
  CONSTRAINT `прикріплення_співробітники_рослини_ibfk_1` FOREIGN KEY (`id_співробітника`) REFERENCES `співробітники` (`id_співробітника`),
  CONSTRAINT `прикріплення_співробітники_рослини_ibfk_2` FOREIGN KEY (`id_рослини`) REFERENCES `рослини` (`id_рослини`)
) ENGINE=InnoDB AUTO_INCREMENT=1216 DEFAULT CHARSET=utf8mb4 COLLATE=utf8mb4_0900_ai_ci;
/*!40101 SET character_set_client = @saved_cs_client */;

--
-- Dumping data for table `прикріплення_співробітники_рослини`
--

LOCK TABLES `прикріплення_співробітники_рослини` WRITE;
/*!40000 ALTER TABLE `прикріплення_співробітники_рослини` DISABLE KEYS */;
INSERT INTO `прикріплення_співробітники_рослини` VALUES (1117,1,1),(1118,6,2),(1119,2,3),(1120,5,4),(1121,9,5),(1122,11,6),(1123,12,7),(1124,14,8),(1125,1,9),(1126,2,10),(1127,6,1),(1128,5,12),(1129,9,13),(1130,11,14),(1131,12,15),(1132,1,16),(1133,2,17),(1134,6,18),(1135,5,19),(1136,9,20),(1137,11,21),(1138,12,22),(1139,14,23),(1140,1,24),(1141,2,25),(1142,6,26),(1143,5,27),(1144,9,28),(1145,11,29),(1146,12,30),(1147,14,31),(1148,2,32),(1149,6,33),(1150,5,34),(1151,9,35),(1152,11,36),(1153,12,37),(1154,14,38),(1155,1,39),(1156,2,40),(1157,6,41),(1158,5,42),(1159,9,43),(1160,11,44),(1161,12,45),(1162,14,46),(1163,1,47),(1164,2,48),(1165,6,49),(1166,5,50),(1167,9,51),(1168,11,52),(1169,12,53),(1170,14,54),(1171,1,55),(1172,2,56),(1173,6,57),(1174,5,58),(1175,9,59),(1176,11,60),(1177,12,61),(1178,14,62),(1179,1,63),(1180,2,64),(1181,6,65),(1182,5,66),(1183,9,67),(1184,11,68),(1185,12,69),(1186,14,70),(1187,1,71),(1188,2,72),(1189,6,73),(1190,5,74),(1191,9,75),(1192,11,76),(1193,12,77),(1194,14,78),(1195,1,79),(1196,2,80),(1197,6,81),(1198,5,82),(1199,9,83),(1200,11,84),(1201,12,85),(1202,14,86),(1203,1,87),(1204,2,88),(1205,6,89),(1206,5,90),(1207,9,91),(1208,11,92),(1209,12,93),(1210,14,293),(1211,14,294),(1212,14,295),(1213,6,296),(1214,12,297),(1215,6,298);
/*!40000 ALTER TABLE `прикріплення_співробітники_рослини` ENABLE KEYS */;
UNLOCK TABLES;

--
-- Table structure for table `рослини`
--

DROP TABLE IF EXISTS `рослини`;
/*!40101 SET @saved_cs_client     = @@character_set_client */;
/*!50503 SET character_set_client = utf8mb4 */;
CREATE TABLE `рослини` (
  `id_рослини` int NOT NULL AUTO_INCREMENT,
  `назва` varchar(50) DEFAULT NULL,
  `вид` varchar(50) DEFAULT NULL,
  `опис` text,
  `дата_посадки` date DEFAULT NULL,
  `зона_зрілості` varchar(50) DEFAULT NULL,
  `id_постачальника` int DEFAULT NULL,
  `id_місця_росту` int DEFAULT NULL,
  PRIMARY KEY (`id_рослини`),
  KEY `id_постачальника` (`id_постачальника`),
  KEY `id_місця_росту` (`id_місця_росту`),
  CONSTRAINT `рослини_ibfk_1` FOREIGN KEY (`id_постачальника`) REFERENCES `постачальники_рослин` (`id_постачальника`),
  CONSTRAINT `рослини_ibfk_2` FOREIGN KEY (`id_місця_росту`) REFERENCES `місця` (`id_місця`)
) ENGINE=InnoDB AUTO_INCREMENT=299 DEFAULT CHARSET=utf8mb4 COLLATE=utf8mb4_0900_ai_ci;
/*!40101 SET character_set_client = @saved_cs_client */;

--
-- Dumping data for table `рослини`
--

LOCK TABLES `рослини` WRITE;
/*!40000 ALTER TABLE `рослини` DISABLE KEYS */;
INSERT INTO `рослини` VALUES (1,'Рожева троянда','Квіткова','Гібридна рожева троянда із замірюючим ароматом.','2023-01-15','Зони 6-9',1,6),(2,'Фікус','Дерево','Відомий декоративний деревоподібний рослина.','2023-02-20','Зони 10-12',2,5),(3,'Орхідея Фаленопсис','Квіткова','Екзотична орхідея із розкішними квітками.','2023-03-10','Зони 11-12',3,1),(4,'Сансевієра','Сукулент','Не вибаглива сукулентна рослина з привабливими листями.','2023-04-05','Зони 9-11',4,2),(5,'Фіалка','Квіткова','Популярна кімнатна квітка з різноманітністю кольорів.','2023-05-12','Зони 10-12',5,3),(6,'Японський клен','Дерево','Гарний декоративний дерево із характерними віялоподібними листями.','2023-06-18','Зони 5-9',6,4),(7,'Спатифіллум','Квіткова','Відомий як \"жіноча щастя\", чудовий фільтратор повітря.','2023-07-25','Зони 10-11',7,7),(8,'Кактус','Сукулент','Ідеальна рослина для пустельних умов.','2023-08-30','Зони 9-11',8,8),(9,'Шеффлера','Дерево','Зеленолиста рослина з атрактивними комплексними листям.','2023-09-14','Зони 10-12',9,9),(10,'Герань','Квіткова','Популярна кімнатна квітка з ароматними квітами.','2023-10-20','Зони 9-11',10,10),(11,'Лаванда','Квіткова','Ароматна трав`яниста рослина з фіолетовими квітами.','2023-11-25','Зони 5-9',2,5),(12,'Дракена','Декоративна','Красива рослина із забарвленими листями.','2023-12-10','Зони 10-12',3,1),(13,'Папороть','Декоративна','Рослина з ніжними листями, ідеальна для декору.','2020-01-05','Зони 8-10',4,2),(14,'Алое вера','Сукулент','Цілюща рослина з соком, використовується в медицині та косметології.','2020-02-20','Зони 9-11',5,3),(15,'Гладіолус','Квіткова','Висока квітка з різноманітністю кольорів, популярна в букетах.','2022-03-15','Зони 7-10',6,4),(16,'Хамедорея','Пальма','Екзотична пальма для інтер\'єру з витонченими листками.','2022-04-10','Зони 10-12',7,7),(17,'Суккулентний ковбой','Сукулент','Неординарна рослина з літніми темно-зеленими листками.','2022-05-18','Зони 9-11',8,8),(18,'Азалія','Квіткова','Красива кімнатна квітка з густим покривом квітів.','2022-06-22','Зони 7-9',9,9),(19,'Кавовий кущ','Декоративна','Рослина для вирощування кави, з ароматними листями та кавовими бобами.','2021-07-30','Зони 10-12',10,10),(20,'Орхідея Дендробіум','Квіткова','Елегантна орхідея з чарівними квітами у вигляді оранжевих дзвіночків.','2022-08-25','Зони 11-12',1,6),(21,'Пеларгонія','Квіткова','Ароматна кімнатна квітка з рожевими квітами.','2021-09-20','Зони 7-10',2,5),(22,'Живокість','Декоративна','Компактна і стійка декоративна рослина для кімнати.','2022-10-15','Зони 9-11',3,1),(23,'Кімнатна ягода','Декоративна','Рослина з декоративними ягодами, створює особливий акцент.','2022-11-10','Зони 8-10',4,2),(24,'Дендробіум Нобіле','Квіткова','Велика орхідея з густим квітковим покривом.','2022-01-02','Зони 11-12',5,3),(25,'Лілія','Квіткова','Елегантна квітка з ароматом, відома своєю вишуканістю.','2022-02-15','Зони 5-8',6,4),(26,'Кротон','Декоративна','Рослина з яскравими листями, ідеальна для декору кімнати.','2022-03-10','Зони 10-12',7,7),(27,'Ехінацея','Декоративна','Квітка з анізовим ароматом, популярна в медицині.','2022-04-05','Зони 4-9',8,8),(28,'Герань пахучий','Квіткова','Квітка з приємним ароматом, популярна в садовому дизайні.','2022-05-20','Зони 9-11',9,9),(29,'Агава','Сукулент','Багаторічна рослина з м`ясистими листями, стійка до сухостійних умов.','2022-06-25','Зони 9-11',10,10),(30,'Кринум','Квіткова','Екзотична рослина з квітками, схожими на лілії.','2022-07-30','Зони 9-11',1,6),(31,'Соняшник','Квіткова','Великий квітучий соняшник золотистого кольору.','2023-07-15','Зони 6-9',7,7),(32,'Алое Вера','Сукулент','Соковита сукулентна рослина, використовується в медицині.','2023-08-20','Зони 9-11',8,8),(33,'Кедр','Дерево','Велике дерево з хвоєю та корисними горіхами.','2023-09-25','Зони 3-8',9,9),(34,'Мамутова коса','Трава','Декоративна трава з великими косами, створює екзотичний вигляд.','2023-10-30','Зони 7-10',1,10),(35,'Азалія Японська','Квіткова','Гібридна азалія з великими яскравими квітками.','2023-11-30','Зони 5-8',1,5),(36,'Сріблястий Лист','Декоративна','Рослина зі сріблястим відтінком листя, виглядає як квітуча фата моргана.','2024-01-10','Зони 8-11',2,2),(37,'Бамбук','Трава','Екзотична травяниста рослина з пружними пагонами.','2024-02-15','Зони 7-10',3,13),(38,'Вічнозелений Шипшина','Кущ','Кущ із зеленими листками та ягодами.','2024-03-20','Зони 3-9',4,4),(39,'Магнолія','Дерево','Гарне декоративне дерево із великими ароматними квітами.','2024-04-25','Зони 5-9',5,1),(40,'Мальва','Квіткова','Кущ із великими яскравими квітками.','2024-05-30','Зони 6-10',6,10),(41,'Салат','Овоч','Корисний овоч для вживання у свіжому вигляді або в салатах.','2024-06-30','Зони 2-11',7,1),(42,'Однорічна Петунія','Квіткова','Квітуча однорічна рослина для балконів та квітників.','2024-07-31','Зони 9-11',8,1),(43,'Буддлея','Кущ','Кущ із великими китайськими квітами, приваблює метеликів.','2024-08-31','Зони 5-9',9,9),(44,'Герань','Квіткова','Популярна кімнатна квітка з ароматними квітами.','2024-09-30','Зони 9-11',10,2),(45,'Кавовий Кущ','Декоративна','Рослина для вирощування кави, з ароматними листями та кавовими бобами.','2024-10-31','Зони 10-12',1,1),(46,'Лілія','Квіткова','Елегантна квітка з ароматом, відома своєю вишуканістю.','2024-11-30','Зони 5-8',22,2),(47,'Кротон','Декоративна','Рослина з яскравими листями, ідеальна для декору кімнати.','2025-01-15','Зони 10-12',3,3),(48,'Агератум','Квіткова','Невелика рослина з пухнастими квітами.','2025-02-28','Зони 5-11',4,4),(49,'Антуриум','Квіткова','Екзотична кімнатна рослина з неординарними квітами.','2025-03-31','Зони 10-12',5,5),(50,'Геліконія','Квіткова','Рослина з яскравими квітами у вигляді стріл.','2025-04-30','Зони 10-12',6,2),(51,'Імпатієнс','Квіткова','Однорічна квітка для квітників та контейнерів.','2025-05-31','Зони 10-12',7,7),(52,'Тюльпан','Квіткова','Весняна квітка з різноманіттю кольорів.','2025-09-01','Зони 3-8',1,4),(53,'Верба','Дерево','Декоративне дерево з гнучкими гілками.','2025-10-01','Зони 4-9',2,8),(54,'Лаванда','Квіткова','Ароматна трав\'яниста рослина з фіолетовими квітами.','2025-11-01','Зони 5-9',3,11),(55,'Ірис','Квіткова','Гарна квітка з характерними великими квітами.','2025-12-01','Зони 6-10',4,6),(56,'Папороть','Декоративна','Рослина з ніжними листями, ідеальна для декору.','2026-01-01','Зони 8-10',5,9),(57,'Кедр','Дерево','Велике дерево з хвоєю та корисними горіхами.','2026-02-01','Зони 3-8',6,3),(58,'Томат','Овоч','Популярний овоч для приготування різних страв.','2026-03-01','Зони 5-12',7,12),(59,'Мята барвиста','Кущ','Використовується в кулінарії та для виготовлення чаю.','2026-04-01','Зони 4-9',8,5),(60,'Лілія','Квіткова','Гарна квітка з ароматом, відома своєю вишуканістю.','2026-05-01','Зони 5-8',9,7),(61,'Ожина','Ягода','Солодка ягода, популярна в садівництві.','2026-06-01','Зони 6-9',10,10),(62,'Жасмин','Квіткова','Ароматний квітучий кущ, використовується для парфумерії.','2026-07-01','Зони 7-10',11,2),(63,'Анемона','Квіткова','Декоративна рослина із забарвленими квітками.','2026-08-01','Зони 4-7',12,12),(64,'Грейпфрут','Фруктова','Солодкий і кислуватий фрукт, багатий вітамінами.','2026-09-01','Зони 9-11',13,4),(65,'Петрушка','Трава','Популярна трава в кулінарії, використовується в супах та салатах.','2026-10-01','Зони 3-9',1,11),(66,'Ромашка','Трава','Лікарська трава з романтичним ароматом.','2026-11-01','Зони 4-9',2,6),(67,'Картопля','Овоч','Основна культура у харчовій промисловості, вирощується на ділянках.','2026-12-01','Зони 5-10',3,8),(68,'Огірок','Овоч','Соковитий овоч, використовується у свіжому вигляді та для консервації.','2030-05-01','Зони 4-11',14,12),(69,'Гранат','Фруктова','Культовий плід, символізує багатство та довголіття.','2030-06-01','Зони 8-11',15,3),(70,'Імбир','Трава','Ароматна коренева трава, використовується у приготуванні страв та напоїв.','2030-07-01','Зони 9-12',16,7),(71,'Аспарагус','Овоч','Корисний овоч із пагонами, використовується в кулінарії.','2030-08-01','Зони 4-10',17,11),(72,'Кактус','Сукулент','Екзотична рослина із природними захисними шипами.','2030-09-01','Зони 9-12',18,5),(73,'Ківі','Фруктова','Екзотичний плід із зеленою шкіркою та солодким мякоттю.','2030-10-01','Зони 8-11',19,8),(74,'Папайя','Фруктова','Екзотичний плід із солодким смаком.','2030-11-01','Зони 10-12',20,2),(75,'Малина','Ягода','Солодка ягода, популярна в садівництві та для виготовлення десертів.','2030-12-01','Зони 4-8',21,6),(76,'Буряк','Овоч','Овоч із коренеплідною частиною, використовується в кулінарії.','2031-01-01','Зони 3-9',22,10),(77,'Мясоїдна Рослина','Екзотична','Рослина, яка харчується комахами, використовується як декоративна.','2031-02-01','Зони 9-11',23,4),(78,'Помело','Фруктова','Великий фрукт із солодким і трошки гірким смаком.','2031-03-01','Зони 9-12',24,9),(79,'Слива','Фруктова','Дерево із солодкими та соковитими сливами.','2031-04-01','Зони 5-9',25,1),(80,'Куркума','Трава','Корисна трава, використовується як пряність та у медицині.','2031-05-01','Зони 10-12',26,3),(81,'Гарбуз','Фруктова','Солодкий та освіжаючий плід для літньої пори.','2031-06-01','Зони 9-12',27,7),(82,'Кавовий Кущ','Декоративна','Рослина для вирощування кави, з ароматними листями та кавовими бобами.','2031-07-01','Зони 10-12',28,5),(83,'Салат','Овоч','Корисний овоч для вживання у свіжому вигляді або в салатах.','2031-08-01','Зони 2-11',29,11),(84,'Магнолія','Дерево','Гарне декоративне дерево із великими ароматними квітами.','2031-09-01','Зони 5-9',30,2),(85,'Айва','Фруктова','Дерево із солодкими плодами, використовується у кулінарії.','2031-10-01','Зони 5-9',31,6),(86,'Соняшник','Квіткова','Великий квітучий соняшник золотистого кольору.','2031-11-01','Зони 6-9',32,8),(87,'Сріблястий Лист','Декоративна','Рослина зі сріблястим відтінком листя, виглядає як квітуча фата моргана.','2031-12-01','Зони 8-11',33,12),(88,'Фейхоа','Фруктова','Екзотичний плід із ароматними зеленими листками.','2032-01-01','Зони 8-11',34,10),(89,'Лаванда','Трава','Ароматна трава, використовується в кулінарії та медицині.','2032-02-01','Зони 7-10',35,1),(90,'Маракуйя','Фруктова','Екзотичний плід із ароматним мякоттю.','2032-03-01','Зони 10-12',36,5),(91,'Червона смородина','Ягода','Кисло-солодка ягода, використовується у виготовленні джемів та напоїв.','2032-04-01','Зони 3-8',37,9),(92,'Брусника','Ягода','Дикоросла ягода, використовується в кулінарії та медицині.','2032-05-01','Зони 3-8',38,2),(93,'Гібіскус','Квіткова','Декоративний кущ із великими квітами, також використовується для чаю.','2032-06-01','Зони 7-10',39,4),(94,'Мальва','Квіткова','Кущ із великими яскравими квітками.','2032-07-01','Зони 6-10',40,7),(293,'Лічі','Фруктова','Екзотичний плід із солодко-кислим смаком та ароматною начинкою.','2031-01-01','Зони 10-12',2,8),(294,'Перець Чилі','Овоч','Гострий овоч, використовується для приготування пікантних страв.','2031-04-01','Зони 8-12',5,11),(295,'Глід','Декоративна','Кущ із гарними осінніми листям та декоративними плодами.','2031-05-01','Зони 6-9',6,12),(296,'Тархун','Трава','Ароматна трава для виготовлення напоїв та використання в кулінарії.','2031-06-01','Зони 4-10',7,1),(297,'Мушкатна Гарбуз','Овоч','Овоч із гострим смаком, використовується у приготуванні супів та соусів.','2031-07-01','Зони 6-9',8,2),(298,'Фрезія','Квіткова','Квітка із приємним ароматом, популярна у букетах та в оформленні.','2031-08-01','Зони 8-11',9,3);
/*!40000 ALTER TABLE `рослини` ENABLE KEYS */;
UNLOCK TABLES;

--
-- Table structure for table `співробітники`
--

DROP TABLE IF EXISTS `співробітники`;
/*!40101 SET @saved_cs_client     = @@character_set_client */;
/*!50503 SET character_set_client = utf8mb4 */;
CREATE TABLE `співробітники` (
  `id_співробітника` int NOT NULL AUTO_INCREMENT,
  `ім_я` varchar(50) DEFAULT NULL,
  `посада` varchar(50) DEFAULT NULL,
  `дата_прийому` date DEFAULT NULL,
  `контактна_інформація` varchar(50) DEFAULT NULL,
  PRIMARY KEY (`id_співробітника`)
) ENGINE=InnoDB AUTO_INCREMENT=21 DEFAULT CHARSET=utf8mb4 COLLATE=utf8mb4_0900_ai_ci;
/*!40101 SET character_set_client = @saved_cs_client */;

--
-- Dumping data for table `співробітники`
--

LOCK TABLES `співробітники` WRITE;
/*!40000 ALTER TABLE `співробітники` DISABLE KEYS */;
INSERT INTO `співробітники` VALUES (1,'Іван Петров','Головний садівник','2022-01-15','+380987654321'),(2,'Марія Сидорова','Ботанік','2022-02-20','+380987123456'),(3,'Олександр Іванов','Ландшафтний архітектор','2022-03-10','+380989876543'),(4,'Анна Ковальчук','Фітодизайнер','2022-04-05','+380989876123'),(5,'Петро Семененко','Садівник-експерт','2022-05-12','+380987654987'),(6,'Тетяна Васильчук','Дендролог','2022-06-18','+380989876654'),(7,'Василь Кузьмін','Садовий архітектор','2022-07-25','+380987654456'),(8,'Євгенія Григоренко','Технік з поливу','2022-08-30','+380989874563'),(9,'Дмитро Максименко','Біолог','2022-09-14','+380987123987'),(10,'Катерина Шевченко','Еколог','2022-10-22','+380989876789'),(11,'Андрій Білоус','Садівник','2022-11-05','+380989871234'),(12,'Наталія Лисенко','Садівник','2022-12-12','+380987654321'),(13,'Максим Шевчук','Експерт з органічного виробництва','2023-01-20','+380989873456'),(14,'Юлія Соколова','Спеціаліст з розведення квітів','2023-02-25','+380987654987'),(15,'Сергій Коваленко','Фітосанітарний інженер','2023-03-08','+380989876543'),(16,'Оксана Петренко','Гідропонічний технік','2023-04-14','+380987123456'),(17,'Михайло Зайцев','Ботанічний інженер','2023-05-20','+380989876123'),(18,'Ірина Мельник','Спеціаліст з ароматерапії рослин','2023-06-25','+380987654456'),(19,'Владислав Кучеренко','Садовий дизайнер','2023-07-30','+380989874563'),(20,'Ольга Грищенко','Технік з поливу','2023-08-14','+380987123987');
/*!40000 ALTER TABLE `співробітники` ENABLE KEYS */;
UNLOCK TABLES;

--
-- Table structure for table `інвентар`
--

DROP TABLE IF EXISTS `інвентар`;
/*!40101 SET @saved_cs_client     = @@character_set_client */;
/*!50503 SET character_set_client = utf8mb4 */;
CREATE TABLE `інвентар` (
  `id_інвентарю` int NOT NULL AUTO_INCREMENT,
  `назва` varchar(50) DEFAULT NULL,
  `тип` varchar(50) DEFAULT NULL,
  `кількість` int DEFAULT NULL,
  `ціна` decimal(10,2) DEFAULT NULL,
  `дата_виготовлення` date DEFAULT NULL,
  `id_постачальника` int DEFAULT NULL,
  `id_місця` int DEFAULT NULL,
  PRIMARY KEY (`id_інвентарю`),
  KEY `інвентар_ibfk_1` (`id_постачальника`),
  KEY `id_місця` (`id_місця`),
  CONSTRAINT `інвентар_ibfk_1` FOREIGN KEY (`id_постачальника`) REFERENCES `постачальники_інвентарю` (`id_постачальника`),
  CONSTRAINT `інвентар_ibfk_2` FOREIGN KEY (`id_місця`) REFERENCES `місця` (`id_місця`)
) ENGINE=InnoDB AUTO_INCREMENT=62 DEFAULT CHARSET=utf8mb4 COLLATE=utf8mb4_0900_ai_ci;
/*!40101 SET character_set_client = @saved_cs_client */;

--
-- Dumping data for table `інвентар`
--

LOCK TABLES `інвентар` WRITE;
/*!40000 ALTER TABLE `інвентар` DISABLE KEYS */;
INSERT INTO `інвентар` VALUES (1,'Фарба тропічно-пальмовий дерево','фарба',20,100.00,'2023-01-01',1,NULL),(2,'Система автоматичного поливу','Садова техніка',15,300.00,'2023-02-01',2,NULL),(3,'Деревяний садовий стіл','Меблі для саду',25,50.00,'2023-03-01',3,NULL),(4,'Садові рукавички','Садовий інвентар',30,15.00,'2023-04-01',4,NULL),(5,'Екзотична парасоля','приладдя',18,30.00,'2025-09-01',2,NULL),(6,'LED Садове освітлення','Садова техніка',22,60.00,'2025-09-02',1,NULL),(7,'Газонокосарка','Садова техніка',10,250.00,'2025-09-03',1,NULL),(8,'Ручний газонокосарка','Садова техніка',15,50.00,'2025-09-04',2,NULL),(9,'Тримач для горщиків','Садовий інвентар',30,8.00,'2025-09-05',3,NULL),(10,'Граблі','Садовий інвентар',20,12.00,'2025-09-06',4,NULL),(11,'Лейка для поливу','Садовий інвентар',25,5.00,'2025-09-07',1,NULL),(12,'Пластикові горщики','Садовий інвентар',100,1.00,'2025-09-08',3,NULL),(13,'Садові ножиці','Садовий інвентар',18,18.00,'2025-09-09',4,NULL),(14,'Гумові рукавички','Садовий інвентар',50,3.00,'2025-09-10',1,NULL),(15,'Плантувальна лопата','Садовий інвентар',12,20.00,'2025-09-11',2,NULL),(16,'Термометр для ґрунту','Садовий інвентар',8,15.00,'2025-09-12',3,NULL),(17,'Компостер','Садова техніка',5,80.00,'2025-09-13',4,NULL),(18,'Садовий поливач','Садова техніка',7,30.00,'2025-09-14',1,NULL),(19,'Садовий верхівковий розсув','Садовий інвентар',14,25.00,'2025-09-15',2,NULL),(20,'Телескопічна гілкорізка','Садовий інвентар',10,40.00,'2025-09-16',3,NULL),(21,'Садова тачка','Садова техніка',8,60.00,'2025-09-17',8,NULL),(22,'Садові тисячні рукавички','Садовий інвентар',35,4.00,'2025-09-18',5,NULL),(23,'Грунтозаціп','Садовий інвентар',6,35.00,'2025-09-19',7,NULL),(24,'Садові щипці для відраховування','Садовий інвентар',25,7.00,'2025-09-20',8,NULL),(25,'Набір садових інструментів','Садовий інвентар',18,50.00,'2025-09-21',9,NULL),(26,'Садовий шланг','Садова техніка',20,18.00,'2025-09-22',6,NULL),(27,'Граблі для листя','Садовий інвентар',15,10.00,'2025-09-23',8,NULL),(28,'Садова гільза','Садовий інвентар',10,30.00,'2025-09-24',7,NULL),(29,'Садовий розпилювач','Садова техніка',12,22.00,'2025-09-25',4,NULL),(30,'Садові стяжки','Садовий інвентар',28,2.00,'2025-09-26',5,NULL),(31,'Садовий телескопічний кущоріз','Садовий інвентар',10,45.00,'2025-09-27',5,NULL),(32,'Садові грядки','Садовий інвентар',6,75.00,'2025-09-28',5,NULL),(33,'Набір садових ліхтарів','Садовий інвентар',15,40.00,'2025-09-29',8,NULL),(34,'Садовий кант','Садовий інвентар',8,28.00,'2025-09-30',9,NULL),(35,'Аератор для ґрунту','Садовий інвентар',15,35.00,'2025-10-01',6,NULL),(36,'Садовий вічкоочисник','Садовий інвентар',20,18.00,'2025-10-02',4,NULL),(37,'Садові заточувальні камені','Садовий інвентар',25,6.00,'2025-10-03',7,NULL),(38,'Садовий крюк для розтягування гілок','Садовий інвентар',18,14.00,'2025-10-04',8,NULL),(39,'Герметична сумка для інструментів','Садовий інвентар',30,10.00,'2025-10-05',8,NULL),(40,'Садовий листозбірник','Садовий інвентар',22,25.00,'2025-10-06',9,NULL),(41,'Садовий пристрій для видалення бурьяну','Садовий інвентар',15,20.00,'2025-10-07',6,NULL),(42,'Пластикові піддони для розсади','Садовий інвентар',28,4.00,'2025-10-08',5,NULL),(43,'Садові відра для поливу','Садовий інвентар',12,12.00,'2025-10-09',8,NULL),(44,'Садові стрічки для маркування рослин','Садовий інвентар',10,8.00,'2025-10-10',7,NULL),(45,'Садовий термометр','Садовий інвентар',20,16.00,'2025-10-11',9,NULL),(46,'Гумова підстилка для саду','Садовий інвентар',15,30.00,'2025-10-12',5,NULL),(47,'Набір садових лопаток','Садовий інвентар',10,22.00,'2025-10-13',8,NULL),(48,'Садові термосадіви','Садовий інвентар',25,7.00,'2025-10-14',6,NULL),(49,'Садовий термостійкий скляний посуд','Садовий інвентар',18,14.00,'2025-10-15',9,NULL),(50,'Грунтова корзина для висадки','Садовий інвентар',20,18.00,'2025-10-16',8,NULL),(51,'Садовий флюгель-вітерець','Садовий інвентар',15,25.00,'2025-10-17',7,NULL),(52,'Садовий термометр-гігрометр','Садовий інвентар',22,12.00,'2025-10-18',6,NULL),(53,'Садовий компостний бінокль','Садовий інвентар',30,20.00,'2025-10-19',5,NULL),(54,'Садовий відсік для насіння','Садовий інвентар',25,8.00,'2025-10-20',5,NULL),(55,'Садовий господарський ніж','Садовий інвентар',18,15.00,'2025-10-21',2,NULL),(56,'Садові шнури для маркування','Садовий інвентар',10,6.00,'2025-10-22',5,NULL),(57,'Садовий мотузковий підвіс','Садовий інвентар',12,10.00,'2025-10-23',4,NULL),(58,'Садовий тиск-розпилювач','Садовий інвентар',20,15.00,'2025-10-24',1,NULL),(59,'Садовий омивач для рук','Садовий інвентар',15,5.00,'2025-10-25',9,NULL),(60,'Садова термоштора','Садовий інвентар',10,28.00,'2025-10-26',3,NULL),(61,'Садова пилососная трубка','Садова техніка',8,40.00,'2025-10-27',7,NULL);
/*!40000 ALTER TABLE `інвентар` ENABLE KEYS */;
UNLOCK TABLES;
/*!40103 SET TIME_ZONE=@OLD_TIME_ZONE */;

/*!40101 SET SQL_MODE=@OLD_SQL_MODE */;
/*!40014 SET FOREIGN_KEY_CHECKS=@OLD_FOREIGN_KEY_CHECKS */;
/*!40014 SET UNIQUE_CHECKS=@OLD_UNIQUE_CHECKS */;
/*!40101 SET CHARACTER_SET_CLIENT=@OLD_CHARACTER_SET_CLIENT */;
/*!40101 SET CHARACTER_SET_RESULTS=@OLD_CHARACTER_SET_RESULTS */;
/*!40101 SET COLLATION_CONNECTION=@OLD_COLLATION_CONNECTION */;
/*!40111 SET SQL_NOTES=@OLD_SQL_NOTES */;

-- Dump completed on 2023-12-27  0:42:37
